INSERT INTO Evento (id_evento, nome_evento, data_evento, local_evento, capacidade)
VALUES
(1,'Tech Summit 2026','2026-01-15','São Paulo',500),
(2,'Dev Conference','2026-02-10','Campinas',300),
(3,'Data Day','2026-03-05','Santos',250),
(4,'Cloud Expo','2026-03-20','São Paulo',600),
(5,'AI Experience','2026-04-12','Ribeirão Preto',400),
(6,'Java Week','2026-04-25','Sorocaba',200),
(7,'Python Connect','2026-05-10','São José dos Campos',350),
(8,'Frontend Summit','2026-05-22','São Paulo',450),
(9,'Backend Forum','2026-06-05','Campinas',280),
(10,'Cyber Security Day','2026-06-18','Santos',320),
(11,'UX Design Fest','2026-07-01','São Paulo',220),
(12,'Mobile Dev Event','2026-07-15','Guarulhos',300),
(13,'Startup Weekend','2026-08-08','Campinas',500),
(14,'Hackathon SP','2026-08-20','São Paulo',700),
(15,'Big Data Conference','2026-09-03','Santos',450),
(16,'IoT Meeting','2026-09-18','Sorocaba',250),
(17,'Game Dev Summit','2026-10-02','São Paulo',350),
(18,'Digital Innovation','2026-10-16','Campinas',400),
(19,'Machine Learning Day','2026-11-01','São José dos Campos',380),
(20,'Cloud Native Event','2026-11-14','São Paulo',420),
(21,'Women in Tech','2026-11-28','Guarulhos',300),
(22,'Open Source Festival','2026-12-05','Campinas',450),
(23,'Tech Leaders Forum','2026-12-10','São Paulo',500),
(24,'Future of AI','2026-12-15','Santos',550),
(25,'Encerramento Tech 2026','2026-12-20','São Paulo',600);

INSERT INTO Participante (nome, email, telefone)
VALUES
('Ana Silva','ana1@email.com','11911111111'),
('Bruno Souza','bruno2@email.com','11911111112'),
('Carlos Lima','carlos3@email.com','11911111113'),
('Daniela Costa','daniela4@email.com','11911111114'),
('Eduardo Santos','eduardo5@email.com','11911111115'),
('Fernanda Alves','fernanda6@email.com','11911111116'),
('Gabriel Rocha','gabriel7@email.com','11911111117'),
('Helena Martins','helena8@email.com','11911111118'),
('Igor Melo','igor9@email.com','11911111119'),
('Juliana Reis','juliana10@email.com','11911111120'),
('Kaio Oliveira','kaio11@email.com','11911111121'),
('Larissa Gomes','larissa12@email.com','11911111122'),
('Marcos Pereira','marcos13@email.com','11911111123'),
('Natália Lima','natalia14@email.com','11911111124'),
('Otávio Ribeiro','otavio15@email.com','11911111125'),
('Patrícia Costa','patricia16@email.com','11911111126'),
('Rafael Souza','rafael17@email.com','11911111127'),
('Sabrina Dias','sabrina18@email.com','11911111128'),
('Thiago Alves','thiago19@email.com','11911111129'),
('Vanessa Rocha','vanessa20@email.com','11911111130'),
('William Silva','william21@email.com','11911111131'),
('Yasmin Santos','yasmin22@email.com','11911111132'),
('Zeca Oliveira','zeca23@email.com','11911111133'),
('Amanda Freitas','amanda24@email.com','11911111134'),
('Lucas Mendes','lucas25@email.com','11911111135');

INSERT INTO Inscricao (id_evento, id_participante, status)
VALUES
(1,1,'Ativa'),
(2,2,'Ativa'),
(3,3,'Ativa'),
(4,4,'Ativa'),
(5,5,'Ativa'),
(6,6,'Ativa'),
(7,7,'Ativa'),
(8,8,'Ativa'),
(9,9,'Ativa'),
(10,10,'Ativa'),
(11,11,'Ativa'),
(12,12,'Ativa'),
(13,13,'Ativa'),
(14,14,'Ativa'),
(15,15,'Ativa'),
(16,16,'Cancelada'),
(17,17,'Ativa'),
(18,18,'Ativa'),
(19,19,'Ativa'),
(20,20,'Ativa'),
(21,21,'Ativa'),
(22,22,'Cancelada'),
(23,23,'Ativa'),
(24,24,'Ativa'),
(25,25,'Ativa');

INSERT INTO Pagamento (id_inscricao, valor, status, data_pagamento)
VALUES
(1,150.00,'Confirmado','2026-01-01'),
(2,200.00,'Confirmado','2026-01-05'),
(3,180.00,'Confirmado','2026-01-10'),
(4,220.00,'Confirmado','2026-01-15'),
(5,250.00,'Confirmado','2026-01-20'),
(6,120.00,'Pendente','2026-01-25'),
(7,160.00,'Confirmado','2026-02-01'),
(8,190.00,'Confirmado','2026-02-05'),
(9,170.00,'Confirmado','2026-02-10'),
(10,210.00,'Confirmado','2026-02-15'),
(11,130.00,'Pendente','2026-02-20'),
(12,240.00,'Confirmado','2026-02-25'),
(13,260.00,'Confirmado','2026-03-01'),
(14,280.00,'Confirmado','2026-03-05'),
(15,300.00,'Confirmado','2026-03-10'),
(16,110.00,'Pendente','2026-03-15'),
(17,190.00,'Confirmado','2026-03-20'),
(18,200.00,'Confirmado','2026-03-25'),
(19,220.00,'Confirmado','2026-04-01'),
(20,240.00,'Confirmado','2026-04-05'),
(21,260.00,'Confirmado','2026-04-10'),
(22,150.00,'Pendente','2026-04-15'),
(23,280.00,'Confirmado','2026-04-20'),
(24,300.00,'Confirmado','2026-04-25'),
(25,320.00,'Confirmado','2026-04-30');

INSERT INTO Palestra (id_evento, titulo, palestrante, horario)
VALUES
(1, 'Tech Summit Palestra 1', 'Palestrante Convidado', '14:00:00'),
(2, 'Novas Tecnologias', 'Palestrante Convidado', '15:00:00'),
(3, 'Analise de Dados Avançada', 'Palestrante Convidado', '16:00:00'),
(4, 'Infraestrutura em Nuvem', 'Palestrante Convidado', '14:00:00'),
(5, 'Modelos de IA', 'Palestrante Convidado', '15:30:00'),
(6, 'Desenvolvimento Java', 'Palestrante Convidado', '16:00:00'),
(7, 'Scripts Python', 'Palestrante Convidado', '10:00:00'),
(8, 'Componentes Modernos', 'Palestrante Convidado', '11:00:00'),
(9, 'Estrutura de Backend', 'Palestrante Convidado', '13:00:00'),
(10, 'Segurança de Redes', 'Palestrante Convidado', '14:00:00'),
(11, 'Interfaces de Usuário', 'Palestrante Convidado', '15:00:00'),
(12, 'Apps Mobile', 'Palestrante Convidado', '16:00:00'),
(13, 'Negócios e Startups', 'Palestrante Convidado', '09:00:00'),
(14, 'Maratona de Devs', 'Palestrante Convidado', '10:00:00'),
(15, 'Engenharia de Dados ágil', 'Lab Mobile', '09:00:00'),
(16, 'Dispositivos Conectados', 'Sala 105', '10:00:00'),
(17, 'Mercado de Jogos Digitais', 'Lab Banco', '11:00:00'),
(18, 'Cultura DevOps', 'Sala 106', '13:30:00'),
(19, 'Treinando Redes Neurais', 'Lab Linux', '14:45:00'),
(20, 'Containers com Kubernetes', 'Auditorio A', '15:45:00'),
(21, 'Liderança e Diversidade', 'Auditorio B', '16:45:00'),
(22, 'Contribuindo para o Open Source', 'Lab BI', '10:00:00'),
(23, 'Gestão de Engenharia', 'Sala 107', '11:15:00'),
(24, 'O Futuro dos Agentes de IA', 'Sala 108', '14:00:00'),
(25, 'Encerramento e Próximos Passos', 'Comissão Organizadora', '18:00:00');
